Dell, Intel Core i5 9th Gen, 8, 1, 3.5, DKIT-24105, 18-11-20
Dell, Intel Core i5 9th Gen, 8, 1, 3.5, DKIT-24105, 18-11-20
Dell, Intel Core i5 9th Gen, 8, 1, 3.5, DKIT-24105, 18-11-20
Dell, Intel Core i5 9th Gen, 8, 1, 3.5, DKIT-24105, 18-11-20
Dell, Intel Core i5 9th Gen, 8, 1, 3.5, DKIT-24105, 18-11-20
Dell, Intel Core i5 9th Gen, 8, 1, 3.5, DKIT-24105, 18-11-20
Dell, Intel Core i5 9th Gen, 8, 1, 3.5, DKIT-24105, 18-11-20
Dell, Intel Core i5 9th Gen, 8, 1, 3.5, DKIT-24105, 18-11-20
Dell, Intel Core i5 9th Gen, 8, 1, 3.5, DKIT-24105, 18-11-20
Dell, Intel Core i5 9th Gen, 8, 1, 3.5, DKIT-24105, 18-11-20
Dell, Intel Core i5 9th Gen, 8, 1, 3.5, DKIT-24105, 18-11-20

